<?xml version="1.0" encoding="UTF-8"?>
<!DOCTYPE suite SYSTEM "http://testng.org/testng-1.0.dtd">
<suite name="Automation Suite" parallel="false" verbose="10">

	<listeners>
		<listener
			class-name="com.tr.commons.extentListeners.ExtentListeners" />
	</listeners>

	<test name="Verify the API GetGeoInv output is success">
		<parameter name="REQUEST_BODY" value="GETGEOINV" />
		<parameter name="REQUEST_EXTENSION" value="GETGEOINV_EXT" />
		<parameter name="TESTDATAFILE" value="GetGeoInv.json" />
		<classes>
			<class name="com.tr.testcases.api.TC001_GetGeoInv">
			</class>
		</classes>
	</test>
</suite>