<?xml version="1.0" encoding="UTF-8"?>
<!DOCTYPE suite SYSTEM "http://testng.org/testng-1.0.dtd">

<suite name="CrossBrowser TestSuite" parallel="false" thread-count="8" verbose="10">


	<listeners>
		<listener  class-name="com.tr.commons.extentListeners.ExtentListeners" />
	</listeners>

	<test name="Regression CrossBrowser Test Suite of Billing And Payment">
		<classes>

			<!--class name="com.tr.testcases.ui.BillingAndPayment.USL.TC001_Login"/>
			<class name="com.tr.testcases.ui.BillingAndPayment.USL.TC002_AddManualBank"/>

			<class name="com.tr.testcases.ui.BillingAndPayment.USL.TC003_Add_AutoPayBank_new_Acc"/>
			<class name="com.tr.testcases.ui.BillingAndPayment.USL.TC003_AddManualBankDuplicate"/>


			<class name="com.tr.testcases.ui.BillingAndPayment.USL.TC005_AddCCOnAnotherAccount"/>

			<class name="com.tr.testcases.ui.BillingAndPayment.USL.TC007_DeleteManualBank"/>

			<class name="com.tr.testcases.ui.BillingAndPayment.USL.TC008_AddOneContactEbilling"/>



			<class name="com.tr.testcases.ui.BillingAndPayment.USL.TC010_Add_AutoPayBank_Existing_Acc"/>
			<class name="com.tr.testcases.ui.BillingAndPayment.USL.TC011_AddAutoManualBankDuplicate"/>
			<class name="com.tr.testcases.ui.BillingAndPayment.USL.TC012_Delete_AutoPayBank_Existing_Acc"/>
			<class name="com.tr.testcases.ui.BillingAndPayment.USL.TC013_DeleteAutoPayBank_new_Acc"/>


			<class name="com.tr.testcases.ui.BillingAndPayment.USL.TC017_Turn_Off_AutoPayBank_Acc"/>
			<class name="com.tr.testcases.ui.BillingAndPayment.USL.TC018_Turn_Off_AutoPayBank_Existing_Acc"/>

			<class name="com.tr.testcases.ui.BillingAndPayment.USL.TC021_Add5contacts"/>
			<class name="com.tr.testcases.ui.BillingAndPayment.USL.TC022_Edit_contact_to_a_duplicate_contact"/>
			<class name="com.tr.testcases.ui.BillingAndPayment.USL.TC023_Edit_contact"/>
			<class name="com.tr.testcases.ui.BillingAndPayment.USL.TC024_Delete_contact"/>
			<class name="com.tr.testcases.ui.BillingAndPayment.USL.TC025_Delete_Lastcontact"/>
			<class name="com.tr.testcases.ui.BillingAndPayment.USL.TC026_Maxchar_contact"/>
			<class name="com.tr.testcases.ui.BillingAndPayment.USL.TC027_Emptyfield_contact"/>
			<class name="com.tr.testcases.ui.BillingAndPayment.USL.TC028_CheckingOverlay"/-->

			<class name="com.tr.testcases.ui.BillingAndPayment.USL.TC002_AddManualCC"/>

			<class name="com.tr.testcases.ui.BillingAndPayment.USL.TC004_EmptyCCValidation"/>
			<class name="com.tr.testcases.ui.BillingAndPayment.USL.TC005_AddAutopayCCOnAnotherAccount"/>
			<class name="com.tr.testcases.ui.BillingAndPayment.USL.TC005_AddCCOnAnotherAccount"/>
			<class name="com.tr.testcases.ui.BillingAndPayment.USL.TC006_AddSameCC"/>

			<class name="com.tr.testcases.ui.BillingAndPayment.USL.TC007_DeleteManualCC"/>

			<class name="com.tr.testcases.ui.BillingAndPayment.USL.TC008_UpdateManualCC"/>
			<class name="com.tr.testcases.ui.BillingAndPayment.USL.TC009_AddAutopayManualCCDuplicate"/>

			<class name="com.tr.testcases.ui.BillingAndPayment.USL.TC009_SetUpAutoPayCC"/>
			<class name="com.tr.testcases.ui.BillingAndPayment.USL.TC009_SetUpAutoPayExistingCC"/>
			<class name="com.tr.testcases.ui.BillingAndPayment.USL.TC010_Add_AutoPayBank_Existing_Acc"/>

			<class name="com.tr.testcases.ui.BillingAndPayment.USL.TC014_UpdateAutoPayCC"/>
			<class name="com.tr.testcases.ui.BillingAndPayment.USL.TC015_DeleteAutoPayCC"/>


		</classes>

	</test>

</suite>



