<?xml version="1.0" encoding="UTF-8"?>
<!DOCTYPE suite SYSTEM "http://testng.org/testng-1.0.dtd">

<suite name="Automation Suite" parallel="false" thread-count="8" verbose="10">


	<listeners>
		<listener  class-name="com.tr.commons.extentListeners.ExtentListeners" />
</listeners>

	<test name="Regression Test Suite of Billing And Payment">
		<classes>
			<class name="com.tr.testcases.ui.BillingAndPayment.UKI.UKIAutopay_InProgress.TC019_TurnOff_AutoPayNewCC_UKI_AutoPayBankOn"/>
		</classes>

	</test>



</suite>