<?xml version="1.0" encoding="UTF-8"?>
<!DOCTYPE suite SYSTEM "http://testng.org/testng-1.0.dtd">

<suite name="Automation Suite" parallel="false" thread-count="8" verbose="10">


	<listeners>
		<listener
			class-name="com.tr.commons.extentListeners.ExtentListeners" />
</listeners>

	<test name="Regression Test Suite of Billing And Payment of Solo UKI">
		<classes>

			<class name="com.tr.testcases.ui.BillingAndPayment.UKI.TC001_Login_UKI"/>
			<class name="com.tr.testcases.ui.BillingAndPayment.UKI.TC002_AddManualCC_UKI"/>
			<class name="com.tr.testcases.ui.BillingAndPayment.UKI.TC003_ValidExpirationDateCC_UKI"/>
			<class name="com.tr.testcases.ui.BillingAndPayment.UKI.TC004_EmptyCCValidation_UKI"/>
			<class name="com.tr.testcases.ui.BillingAndPayment.UKI.TC005_AddAutopayCCOnAnotherAccount_UKI"/>
			<class name="com.tr.testcases.ui.BillingAndPayment.UKI.TC005_AddCCOnAnotherAccount_UKI"/>
			<class name="com.tr.testcases.ui.BillingAndPayment.UKI.TC006_AddSameCC_UKI"/>
			<class name="com.tr.testcases.ui.BillingAndPayment.UKI.TC007_DeleteManualCC_UKI"/>
			<class name="com.tr.testcases.ui.BillingAndPayment.UKI.TC008_UpdateManualCC_UKI"/>
			<class name="com.tr.testcases.ui.BillingAndPayment.UKI.TC009_AddAutopayManualCCDuplicate_UKI"/>
			<class name="com.tr.testcases.ui.BillingAndPayment.UKI.TC009_SetUpAutoPayCC_UKI"/>
			<class name="com.tr.testcases.ui.BillingAndPayment.UKI.TC009_SetUpAutoPayExistingCC_UKI"/>
			<class name="com.tr.testcases.ui.BillingAndPayment.UKI.TC014_UpdateAutoPayCC_UKI"/>
			<class name="com.tr.testcases.ui.BillingAndPayment.UKI.TC015_DeleteAutoPayCC_UKI"/>
			<class name="com.tr.testcases.ui.BillingAndPayment.UKI.TC016_DeleteAutoPayExistingCC_UKI"/>
			<class name="com.tr.testcases.ui.BillingAndPayment.UKI.TC019_TurnOff_AutoPayNewCC_UKI"/>
			<class name="com.tr.testcases.ui.BillingAndPayment.UKI.TC020_TurnOff_AutoPayExistingCC_UKI"/>
			<class name="com.tr.testcases.ui.BillingAndPayment.UKI.TC021_Add5contacts_UKI"/>
			<class name="com.tr.testcases.ui.BillingAndPayment.UKI.TC022_Edit_contact_to_a_duplicate_contact_UKI"/>
			<class name="com.tr.testcases.ui.BillingAndPayment.UKI.TC023_Edit_contact_UKI"/>
			<class name="com.tr.testcases.ui.BillingAndPayment.UKI.TC024_Delete_contact_UKI"/>
			<class name="com.tr.testcases.ui.BillingAndPayment.UKI.TC025_Delete_Lastcontact_UKI"/>
			<class name="com.tr.testcases.ui.BillingAndPayment.UKI.TC026_Maxchar_contact_UKI"/>
			<class name="com.tr.testcases.ui.BillingAndPayment.UKI.TC027_Emptyfield_contact_UKI"/>
			<class name="com.tr.testcases.ui.BillingAndPayment.UKI.TC028_CheckingOverlay_UKI"/>

			<class name="com.tr.testcases.ui.BillingAndPayment.UKI.TC030_AddManualBank"/>
			<class name="com.tr.testcases.ui.BillingAndPayment.UKI.TC031_Add_AutoPayBank_new_Acc_UKI"/>
			<class name="com.tr.testcases.ui.BillingAndPayment.UKI.TC032_Add_AutoPayBank_existing_Acc_UKI"/>
			<class name="com.tr.testcases.ui.BillingAndPayment.UKI.TC033_TurnOff_AutoPayBank_UKI"/>
			<class name="com.tr.testcases.ui.BillingAndPayment.UKI.TC034_Delete_AutoPayBank_UKI"/>
			<class name="com.tr.testcases.ui.BillingAndPayment.UKI.TC035_DeleteManualBank_UKI"/>


		</classes>
	</test>

</suite>