<?xml version="1.0" encoding="UTF-8"?>
<!DOCTYPE suite SYSTEM "http://testng.org/testng-1.0.dtd">

<suite name="Automation Suite" parallel="false" thread-count="8" verbose="10">


	<listeners>
		<listener
			class-name="com.tr.commons.extentListeners.ExtentListeners" />
</listeners>

	<test name="Regression Test Suite of Billing And Payment of Solo UKI Bank Autopay in Progress">
		<classes>
			<class name="com.tr.testcases.ui.BillingAndPayment.UKI.UKIAutopay_InProgress.TC032_Add_AutoPayBank_existing_Acc_UKI_AutoPayBankOn"/>
			<class name="com.tr.testcases.ui.BillingAndPayment.UKI.UKIAutopay_InProgress.TC001_Login_UKI_AutoPayBankOn"/>
			<class name="com.tr.testcases.ui.BillingAndPayment.UKI.UKIAutopay_InProgress.TC002_AddManualCC_UKI_AutoPayBankOn"/>
			<class name="com.tr.testcases.ui.BillingAndPayment.UKI.UKIAutopay_InProgress.TC003_ValidExpirationDateCC_UKI_AutoPayBankOn"/>
			<class name="com.tr.testcases.ui.BillingAndPayment.UKI.UKIAutopay_InProgress.TC004_EmptyCCValidation_UKI_AutoPayBankOn"/>
			<class name="com.tr.testcases.ui.BillingAndPayment.UKI.UKIAutopay_InProgress.TC005_AddAutopayCCOnAnotherAccount_UKI_AutoPayBankOn"/>
			<class name="com.tr.testcases.ui.BillingAndPayment.UKI.UKIAutopay_InProgress.TC005_AddCCOnAnotherAccount_UKI_AutoPayBankOn"/>
			<class name="com.tr.testcases.ui.BillingAndPayment.UKI.UKIAutopay_InProgress.TC006_AddSamecc_UKI_AutoPayBankOn"/>
			<class name="com.tr.testcases.ui.BillingAndPayment.UKI.UKIAutopay_InProgress.TC007_DeleteManualCC_UKI_AutoPayBankOn"/>
			<class name="com.tr.testcases.ui.BillingAndPayment.UKI.UKIAutopay_InProgress.TC008_UpdateManualCC_UKI_AutoPayBankOn"/>
			<class name="com.tr.testcases.ui.BillingAndPayment.UKI.UKIAutopay_InProgress.TC009_AddAutopayManualCCDuplicate_UKI_AutoPayBankOn"/>
			<class name="com.tr.testcases.ui.BillingAndPayment.UKI.UKIAutopay_InProgress.TC032_Add_AutoPayBank_existing_Acc_UKI_AutoPayBankOn_2"/>
			<class name="com.tr.testcases.ui.BillingAndPayment.UKI.UKIAutopay_InProgress.TC009_SetUpAutoPayCC_UKI_AutoPayBankOn"/>
			<class name="com.tr.testcases.ui.BillingAndPayment.UKI.UKIAutopay_InProgress.TC032_Add_AutoPayBank_existing_Acc_UKI_AutoPayBankOn_3"/>
			<class name="com.tr.testcases.ui.BillingAndPayment.UKI.UKIAutopay_InProgress.TC009_SetUpAutoPayExistingCC_UKI_AutoPayBankOn"/>
			<class name="com.tr.testcases.ui.BillingAndPayment.UKI.UKIAutopay_InProgress.TC032_Add_AutoPayBank_existing_Acc_UKI_AutoPayBankOn_4"/>
			<class name="com.tr.testcases.ui.BillingAndPayment.UKI.UKIAutopay_InProgress.TC014_UpdateAutoPayCC_UKI_AutoPayBankOn"/>
			<class name="com.tr.testcases.ui.BillingAndPayment.UKI.UKIAutopay_InProgress.TC032_Add_AutoPayBank_existing_Acc_UKI_AutoPayBankOn_5"/>
			<class name="com.tr.testcases.ui.BillingAndPayment.UKI.UKIAutopay_InProgress.TC015_DeleteAutoPayCC_UKI_AutoPayBankOn"/>
			<class name="com.tr.testcases.ui.BillingAndPayment.UKI.UKIAutopay_InProgress.TC032_Add_AutoPayBank_existing_Acc_UKI_AutoPayBankOn_6"/>
			<class name="com.tr.testcases.ui.BillingAndPayment.UKI.UKIAutopay_InProgress.TC016_DeleteAutoPayExistingCC_UKI_AutoPayBankOn"/>
			<class name="com.tr.testcases.ui.BillingAndPayment.UKI.UKIAutopay_InProgress.TC032_Add_AutoPayBank_existing_Acc_UKI_AutoPayBankOn_7"/>
			<class name="com.tr.testcases.ui.BillingAndPayment.UKI.UKIAutopay_InProgress.TC019_TurnOff_AutoPayNewCC_UKI_AutoPayBankOn"/>
			<class name="com.tr.testcases.ui.BillingAndPayment.UKI.UKIAutopay_InProgress.TC032_Add_AutoPayBank_existing_Acc_UKI_AutoPayBankOn_8"/>
			<class name="com.tr.testcases.ui.BillingAndPayment.UKI.UKIAutopay_InProgress.TC020_TurnOff_AutoPayExistingCC_UKI_AutoPayBankOn"/>
			<class name="com.tr.testcases.ui.BillingAndPayment.UKI.UKIAutopay_InProgress.TC032_Add_AutoPayBank_existing_Acc_UKI_AutoPayBankOn_9"/>
			<class name="com.tr.testcases.ui.BillingAndPayment.UKI.UKIAutopay_InProgress.TC021_Add5contacts_UKI_AutoPayBankOn"/>
			<class name="com.tr.testcases.ui.BillingAndPayment.UKI.UKIAutopay_InProgress.TC022_Edit_contact_to_a_duplicate_contact_UKI_AutoPayBankOn"/>
			<class name="com.tr.testcases.ui.BillingAndPayment.UKI.UKIAutopay_InProgress.TC023_Edit_contact_UKI_AutoPayBankOn"/>
			<class name="com.tr.testcases.ui.BillingAndPayment.UKI.UKIAutopay_InProgress.TC024_Delete_contact_UKI_AutoPayBankOn"/>
			<class name="com.tr.testcases.ui.BillingAndPayment.UKI.UKIAutopay_InProgress.TC025_Delete_Lastcontact_UKI_AutoPayBankOn"/>
			<class name="com.tr.testcases.ui.BillingAndPayment.UKI.UKIAutopay_InProgress.TC026_Maxchar_contact_UKI_AutoPayBankOn"/>
			<class name="com.tr.testcases.ui.BillingAndPayment.UKI.UKIAutopay_InProgress.TC027_Emptyfield_contact_UKI_AutoPayBankOn"/>
			<class name="com.tr.testcases.ui.BillingAndPayment.UKI.UKIAutopay_InProgress.TC028_CheckingOverlay_UKI_AutoPayBankOn"/>
			<class name="com.tr.testcases.ui.BillingAndPayment.UKI.UKIAutopay_InProgress.TC030_AddManualBank_AutoPayBankOn"/>
			<class name="com.tr.testcases.ui.BillingAndPayment.UKI.UKIAutopay_InProgress.TC035_DeleteManualBank_UKI_AutoPayBankOn"/>
			<class name="com.tr.testcases.ui.BillingAndPayment.UKI.UKIAutopay_InProgress.TC031_Add_AutoPayBank_new_Acc_UKI_AutoPayBankOn"/>
			<class name="com.tr.testcases.ui.BillingAndPayment.UKI.UKIAutopay_InProgress.TC032_Add_AutoPayBank_existing_Acc_UKI_AutoPayBankOn_10"/>
			<class name="com.tr.testcases.ui.BillingAndPayment.UKI.UKIAutopay_InProgress.TC033_TurnOff_AutoPayBank_UKI_AutoPayBankOn"/>
			<class name="com.tr.testcases.ui.BillingAndPayment.UKI.UKIAutopay_InProgress.TC032_Add_AutoPayBank_existing_Acc_UKI_AutoPayBankOn_11"/>
			<class name="com.tr.testcases.ui.BillingAndPayment.UKI.UKIAutopay_InProgress.TC034_Delete_AutoPayBank_UKI_AutoPayBankOn"/>


		</classes>
	</test>

</suite>