<?xml version="1.0" encoding="UTF-8"?>
<!DOCTYPE suite SYSTEM "http://testng.org/testng-1.0.dtd">

<suite name="Automation Suite" parallel="false" thread-count="8" verbose="10">


	<listeners>
		<listener
				class-name="com.tr.commons.extentListeners.ExtentListeners" />
	</listeners>

	<test name="Regression Test Suite of Billing And Payment on Production of Solo USL">
		<classes>

			<class name="com.tr.testcases.ui.BillingAndPayment.USL.PROD.TC001_Login"/>
			<class name="com.tr.testcases.ui.BillingAndPayment.USL.PROD.TC002_AddManualBank"/>
			<class name="com.tr.testcases.ui.BillingAndPayment.USL.PROD.TC002_AddManualCC"/>
			<class name="com.tr.testcases.ui.BillingAndPayment.USL.PROD.TC003_Add_AutoPayBank_new_Acc"/>
			<class name="com.tr.testcases.ui.BillingAndPayment.USL.PROD.TC003_AddManualBankDuplicate"/>
			<class name="com.tr.testcases.ui.BillingAndPayment.USL.PROD.TC003_ValidExpirationDateCC"/>
			<class name="com.tr.testcases.ui.BillingAndPayment.USL.PROD.TC004_EmptyCCValidation"/>
			<class name="com.tr.testcases.ui.BillingAndPayment.USL.PROD.TC007_DeleteManualBank"/>
			<class name="com.tr.testcases.ui.BillingAndPayment.USL.PROD.TC008_AddOneContactEbilling"/>
			<class name="com.tr.testcases.ui.BillingAndPayment.USL.PROD.TC009_AddDuplicatecontact"/>
			<class name="com.tr.testcases.ui.BillingAndPayment.USL.PROD.TC009_SetUpAutoPayCC"/>
			<class name="com.tr.testcases.ui.BillingAndPayment.USL.PROD.TC009_SetUpAutoPayExistingCC"/>
			<class name="com.tr.testcases.ui.BillingAndPayment.USL.PROD.TC021_Add5contacts"/>
			<class name="com.tr.testcases.ui.BillingAndPayment.USL.PROD.TC022_Edit_contact_to_a_duplicate_contact"/>
			<class name="com.tr.testcases.ui.BillingAndPayment.USL.PROD.TC023_Edit_contact"/>
			<class name="com.tr.testcases.ui.BillingAndPayment.USL.PROD.TC024_Delete_contact"/>
			<class name="com.tr.testcases.ui.BillingAndPayment.USL.PROD.TC025_Delete_Lastcontact"/>
			<class name="com.tr.testcases.ui.BillingAndPayment.USL.PROD.TC026_Maxchar_contact"/>
			<class name="com.tr.testcases.ui.BillingAndPayment.USL.PROD.TC027_Emptyfield_contact"/>
			<class name="com.tr.testcases.ui.BillingAndPayment.USL.PROD.TC028_CheckingOverlay"/>



		</classes>
	</test>

</suite>