<?xml version="1.0" encoding="UTF-8"?>
<!DOCTYPE suite SYSTEM "http://testng.org/testng-1.0.dtd">

<suite name="Automation Suite" parallel="false" thread-count="8" verbose="10">


	<listeners>
		<listener
			class-name="com.tr.commons.extentListeners.ExtentListeners" />
</listeners>

	<test name="Regression Test Suite of Billing And Payment of Migrated and MLA USL">
		<classes>


			<class name="com.tr.testcases.ui.BillingAndPayment.USL.MLA.TC001_Login_USL_MLA"/>
			<class name="com.tr.testcases.ui.BillingAndPayment.USL.MLA.TC002_AddManualBank_USL_MLA"/>
			<class name="com.tr.testcases.ui.BillingAndPayment.USL.MLA.TC002_AddManualCC_USL_MLA"/>
			<class name="com.tr.testcases.ui.BillingAndPayment.USL.MLA.TC003_Add_AutoPayBank_new_Acc_USL_MLA"/>
			<class name="com.tr.testcases.ui.BillingAndPayment.USL.MLA.TC003_AddManualBankDuplicate_USL_MLA"/>
			<class name="com.tr.testcases.ui.BillingAndPayment.USL.MLA.TC003_ValidExpirationDateCC_USL_MLA"/>
			<class name="com.tr.testcases.ui.BillingAndPayment.USL.MLA.TC004_EmptyCCValidation_MLA_USL"/>
			<class name="com.tr.testcases.ui.BillingAndPayment.USL.MLA.TC005_AddAutopayCCOnAnotherAccount_MLA_USL"/>
			<class name="com.tr.testcases.ui.BillingAndPayment.USL.MLA.TC005_AddCCOnAnotherAccount_MLA_USL"/>
			<class name="com.tr.testcases.ui.BillingAndPayment.USL.MLA.TC006_AddSameCC_MLA_USL"/>
			<class name="com.tr.testcases.ui.BillingAndPayment.USL.MLA.TC007_DeleteManualBank_MLA_USL"/>
			<class name="com.tr.testcases.ui.BillingAndPayment.USL.MLA.TC007_DeleteManualCC_MLA_USL"/>
			<class name="com.tr.testcases.ui.BillingAndPayment.USL.MLA.TC008_AddOneContactEbilling_MLA_USL"/>
			<class name="com.tr.testcases.ui.BillingAndPayment.USL.MLA.TC008_UpdateManualCC_MLA_USL"/>
			<class name="com.tr.testcases.ui.BillingAndPayment.USL.MLA.TC009_AddAutopayManualCCDuplicate_MLA_USL"/>
			<class name="com.tr.testcases.ui.BillingAndPayment.USL.MLA.TC009_AddDuplicatecontact_MLA_USL"/>
			<class name="com.tr.testcases.ui.BillingAndPayment.USL.MLA.TC009_SetUpAutoPayCC_MLA_USL"/>
			<class name="com.tr.testcases.ui.BillingAndPayment.USL.MLA.TC009_SetUpAutoPayExistingCC_MLA_USL"/>
			<class name="com.tr.testcases.ui.BillingAndPayment.USL.MLA.TC010_Add_AutoPayBank_Existing_Acc_MLA_USL"/>
			<class name="com.tr.testcases.ui.BillingAndPayment.USL.MLA.TC011_AddAutoManualBankDuplicate_MLA_USL"/>
			<class name="com.tr.testcases.ui.BillingAndPayment.USL.MLA.TC012_Delete_AutoPayBank_Existing_Acc_MLA_USL"/>
			<class name="com.tr.testcases.ui.BillingAndPayment.USL.MLA.TC013_DeleteAutoPayBank_new_Acc_MLA_USL"/>
			<class name="com.tr.testcases.ui.BillingAndPayment.USL.MLA.TC014_UpdateAutoPayCC_MLA_USL"/>
			<class name="com.tr.testcases.ui.BillingAndPayment.USL.MLA.TC015_DeleteAutoPayCC_New_MLA_USL"/>
			<class name="com.tr.testcases.ui.BillingAndPayment.USL.MLA.TC016_DeleteAutoPayExistingCC_MLA_USL"/>
			<class name="com.tr.testcases.ui.BillingAndPayment.USL.MLA.TC017_Turn_Off_AutoPayBank_Acc_MLA_USL"/>
			<class name="com.tr.testcases.ui.BillingAndPayment.USL.MLA.TC018_Turn_Off_AutoPayBank_Existing_Acc_MLA_USL"/>
			<class name="com.tr.testcases.ui.BillingAndPayment.USL.MLA.TC019_TurnOff_AutoPayNewCC_MLA_USL"/>
			<class name="com.tr.testcases.ui.BillingAndPayment.USL.MLA.TC020_TurnOff_AutoPayExistingCC_MLA_USL"/>
			<class name="com.tr.testcases.ui.BillingAndPayment.USL.MLA.TC021_Add5contacts_USL_MLA"/>
			<class name="com.tr.testcases.ui.BillingAndPayment.USL.MLA.TC022_Edit_contact_to_a_duplicate_contact_USL_MLA"/>
			<class name="com.tr.testcases.ui.BillingAndPayment.USL.MLA.TC023_Edit_contact_USL_MLA"/>
			<class name="com.tr.testcases.ui.BillingAndPayment.USL.MLA.TC024_Delete_contact_USL_MLA"/>
			<class name="com.tr.testcases.ui.BillingAndPayment.USL.MLA.TC025_Delete_Lastcontact_USL_MLA"/>
			<class name="com.tr.testcases.ui.BillingAndPayment.USL.MLA.TC026_Maxchar_contact_USL_MLA"/>
			<class name="com.tr.testcases.ui.BillingAndPayment.USL.MLA.TC027_Emptyfield_contact_USL_MLA"/>
			<class name="com.tr.testcases.ui.BillingAndPayment.USL.MLA.TC028_CheckingOverlay_USL_MLA"/>


			<class name="com.tr.testcases.ui.BillingAndPayment.USL.Migrated.TC001_Login_USL_Migrated"/>
			<class name="com.tr.testcases.ui.BillingAndPayment.USL.Migrated.TC002_AddManualBank_USL_Migrated"/>
			<class name="com.tr.testcases.ui.BillingAndPayment.USL.Migrated.TC002_AddManualCC_USL_Migrated"/>
			<class name="com.tr.testcases.ui.BillingAndPayment.USL.Migrated.TC003_Add_AutoPayBank_new_Acc_USL_Migrated"/>
			<class name="com.tr.testcases.ui.BillingAndPayment.USL.Migrated.TC003_AddManualBankDuplicate_USL_Migrated"/>
			<class name="com.tr.testcases.ui.BillingAndPayment.USL.Migrated.TC003_ValidExpirationDateCC_USL_Migrated"/>
			<class name="com.tr.testcases.ui.BillingAndPayment.USL.Migrated.TC004_EmptyCCValidation_Migrated_USL"/>
			<class name="com.tr.testcases.ui.BillingAndPayment.USL.Migrated.TC005_AddAutopayCCOnAnotherAccount_Migrated_USL"/>
			<class name="com.tr.testcases.ui.BillingAndPayment.USL.Migrated.TC005_AddCCOnAnotherAccount_Migrated_USL"/>
			<class name="com.tr.testcases.ui.BillingAndPayment.USL.Migrated.TC006_AddSameCC_Migrated_USL"/>
			<class name="com.tr.testcases.ui.BillingAndPayment.USL.Migrated.TC007_DeleteManualBank_Migrated_USL"/>
			<class name="com.tr.testcases.ui.BillingAndPayment.USL.Migrated.TC007_DeleteManualCC_Migrated_USL"/>
			<class name="com.tr.testcases.ui.BillingAndPayment.USL.Migrated.TC008_AddOneContactEbilling_Migrated_USL"/>
			<class name="com.tr.testcases.ui.BillingAndPayment.USL.Migrated.TC008_UpdateManualCC_Migrated_USL"/>
			<class name="com.tr.testcases.ui.BillingAndPayment.USL.Migrated.TC009_AddAutopayManualCCDuplicate_Migrated_USL"/>
			<class name="com.tr.testcases.ui.BillingAndPayment.USL.Migrated.TC009_AddDuplicatecontact_Migrated_USL"/>
			<class name="com.tr.testcases.ui.BillingAndPayment.USL.Migrated.TC009_SetUpAutoPayCC_Migrated_USL"/>
			<class name="com.tr.testcases.ui.BillingAndPayment.USL.Migrated.TC009_SetUpAutoPayExistingCC_Migrated_USL"/>
			<class name="com.tr.testcases.ui.BillingAndPayment.USL.Migrated.TC010_Add_AutoPayBank_Existing_Acc_Migrated_USL"/>
			<class name="com.tr.testcases.ui.BillingAndPayment.USL.Migrated.TC011_AddAutoManualBankDuplicate_Migrated_USL"/>
			<class name="com.tr.testcases.ui.BillingAndPayment.USL.Migrated.TC012_Delete_AutoPayBank_Existing_Acc_Migrated_USL"/>
			<class name="com.tr.testcases.ui.BillingAndPayment.USL.Migrated.TC013_DeleteAutoPayBank_new_Acc_Migrated_USL"/>
			<class name="com.tr.testcases.ui.BillingAndPayment.USL.Migrated.TC014_UpdateAutoPayCC_Migrated_USL"/>
			<class name="com.tr.testcases.ui.BillingAndPayment.USL.Migrated.TC015_DeleteAutoPayCC_Migrated_USL"/>
			<class name="com.tr.testcases.ui.BillingAndPayment.USL.Migrated.TC016_DeleteAutoPayExistingCC_Migrated_USL"/>
			<class name="com.tr.testcases.ui.BillingAndPayment.USL.Migrated.TC017_Turn_Off_AutoPayBank_Acc_Migrated_USL"/>
			<class name="com.tr.testcases.ui.BillingAndPayment.USL.Migrated.TC018_Turn_Off_AutoPayBank_Existing_Acc_Migrated_USL"/>
			<class name="com.tr.testcases.ui.BillingAndPayment.USL.Migrated.TC019_TurnOff_AutoPayNewCC_Migrated_USL"/>
			<class name="com.tr.testcases.ui.BillingAndPayment.USL.Migrated.TC020_TurnOff_AutoPayExistingCC_Migrated_USL"/>
			<class name="com.tr.testcases.ui.BillingAndPayment.USL.Migrated.TC021_Add5contacts_USL_Migrated"/>
			<class name="com.tr.testcases.ui.BillingAndPayment.USL.Migrated.TC022_Edit_contact_to_a_duplicate_contact_USL_Migrated"/>
			<class name="com.tr.testcases.ui.BillingAndPayment.USL.Migrated.TC023_Edit_contact_USL_Migrated"/>
			<class name="com.tr.testcases.ui.BillingAndPayment.USL.Migrated.TC024_Delete_contact_USL_Migrated"/>
			<class name="com.tr.testcases.ui.BillingAndPayment.USL.Migrated.TC025_Delete_Lastcontact_USL_Migrated"/>
			<class name="com.tr.testcases.ui.BillingAndPayment.USL.Migrated.TC026_Maxchar_contact_USL_Migrated"/>
			<class name="com.tr.testcases.ui.BillingAndPayment.USL.Migrated.TC027_Emptyfield_contact_USL_Migrated"/>
			<class name="com.tr.testcases.ui.BillingAndPayment.USL.Migrated.TC028_CheckingOverlay_USL_Migrated"/>





		</classes>
	</test>

</suite>