<?xml version="1.0" encoding="UTF-8"?>
<!DOCTYPE suite SYSTEM "http://testng.org/testng-1.0.dtd">

<suite name="Automation Suite" parallel="false" thread-count="8" verbose="10">


	<listeners>
		<listener
			class-name="com.tr.commons.extentListeners.ExtentListeners" />
</listeners>

	<test name="Regression Test Suite of Billing And Payment of Solo UKI">
		<classes>

			<class name="com.tr.testcases.ui.BillingAndPayment.UKI.PROD.TC001_Login_UKI"/>
			<class name="com.tr.testcases.ui.BillingAndPayment.UKI.PROD.TC002_AddManualCC_UKI"/>
			<class name="com.tr.testcases.ui.BillingAndPayment.UKI.PROD.TC003_ValidExpirationDateCC_UKI"/>
			<class name="com.tr.testcases.ui.BillingAndPayment.UKI.PROD.TC004_EmptyCCValidation_UKI"/>
			<class name="com.tr.testcases.ui.BillingAndPayment.UKI.PROD.TC009_SetUpAutoPayCC_UKI"/>
			<class name="com.tr.testcases.ui.BillingAndPayment.UKI.PROD.TC009_SetUpAutoPayExistingCC_UKI"/>
			<class name="com.tr.testcases.ui.BillingAndPayment.UKI.PROD.TC021_Add5contacts_UKI"/>
			<class name="com.tr.testcases.ui.BillingAndPayment.UKI.PROD.TC022_Edit_contact_to_a_duplicate_contact_UKI"/>
			<class name="com.tr.testcases.ui.BillingAndPayment.UKI.PROD.TC023_Edit_contact_UKI"/>
			<class name="com.tr.testcases.ui.BillingAndPayment.UKI.PROD.TC024_Delete_contact_UKI"/>
			<class name="com.tr.testcases.ui.BillingAndPayment.UKI.PROD.TC025_Delete_Lastcontact_UKI"/>
			<class name="com.tr.testcases.ui.BillingAndPayment.UKI.PROD.TC026_Maxchar_contact_UKI"/>
			<class name="com.tr.testcases.ui.BillingAndPayment.UKI.PROD.TC027_Emptyfield_contact_UKI"/>
			<class name="com.tr.testcases.ui.BillingAndPayment.UKI.PROD.TC028_CheckingOverlay_UKI"/>
			<class name="com.tr.testcases.ui.BillingAndPayment.UKI.PROD.TC030_AddManualBank"/>
			<class name="com.tr.testcases.ui.BillingAndPayment.UKI.PROD.TC031_Add_AutoPayBank_new_Acc_UKI"/>
			<class name="com.tr.testcases.ui.BillingAndPayment.UKI.PROD.TC035_DeleteManualBank_UKI"/>


		</classes>
	</test>

</suite>