<?xml version="1.0" encoding="UTF-8"?>
<!DOCTYPE suite SYSTEM "http://testng.org/testng-1.0.dtd">

<suite name="Automation Suite" parallel="false" thread-count="8" verbose="10">


	<listeners>
		<listener
			class-name="com.tr.commons.extentListeners.ExtentListeners" />
</listeners>

	<test name="Regression Test Suite of Billing And Payment of Solo CANADA">
		<classes>

			<class name="com.tr.testcases.ui.BillingAndPayment.CANADA.TC001_Login_CAD"/>
			<class name="com.tr.testcases.ui.BillingAndPayment.CANADA.TC002_AddManualCC_CAD"/>
			<class name="com.tr.testcases.ui.BillingAndPayment.CANADA.TC003_ValidExpirationDateCC_CAD"/>
			<class name="com.tr.testcases.ui.BillingAndPayment.CANADA.TC004_EmptyCCValidation_CAD"/>
			<class name="com.tr.testcases.ui.BillingAndPayment.CANADA.TC005_AddAutopayCCOnAnotherAccount_CAD"/>
			<class name="com.tr.testcases.ui.BillingAndPayment.CANADA.TC005_AddCCOnAnotherAccount"/>
			<class name="com.tr.testcases.ui.BillingAndPayment.CANADA.TC006_AddSameCC_CAD"/>
			<class name="com.tr.testcases.ui.BillingAndPayment.CANADA.TC007_DeleteManualCC_CAD"/>
			<class name="com.tr.testcases.ui.BillingAndPayment.CANADA.TC008_UpdateManualCC_CAD"/>
			<class name="com.tr.testcases.ui.BillingAndPayment.CANADA.TC009_AddAutopayManualCCDuplicate_CAD"/>
			<class name="com.tr.testcases.ui.BillingAndPayment.CANADA.TC009_SetUpAutoPayCC_CAD"/>
			<class name="com.tr.testcases.ui.BillingAndPayment.CANADA.TC009_SetUpAutoPayExistingCC_CAD"/>
			<class name="com.tr.testcases.ui.BillingAndPayment.CANADA.TC014_UpdateAutoPayCC_CAD"/>
			<class name="com.tr.testcases.ui.BillingAndPayment.CANADA.TC015_DeleteAutoPayCC_CAD"/>
			<class name="com.tr.testcases.ui.BillingAndPayment.CANADA.TC016_DeleteAutoPayExistingCC_CAD"/>
			<class name="com.tr.testcases.ui.BillingAndPayment.CANADA.TC019_TurnOff_AutoPayNewCC_CAD"/>
			<class name="com.tr.testcases.ui.BillingAndPayment.CANADA.TC020_TurnOff_AutoPayExistingCC_CAD"/>
			<class name="com.tr.testcases.ui.BillingAndPayment.CANADA.TC021_Add5contacts_CAD"/>
			<class name="com.tr.testcases.ui.BillingAndPayment.CANADA.TC022_Edit_contact_to_a_duplicate_contact_CAD"/>
			<class name="com.tr.testcases.ui.BillingAndPayment.CANADA.TC023_Edit_contact_CAD"/>
			<class name="com.tr.testcases.ui.BillingAndPayment.CANADA.TC024_Delete_contact_CAD"/>
			<class name="com.tr.testcases.ui.BillingAndPayment.CANADA.TC025_Delete_Lastcontact_CAD"/>
			<class name="com.tr.testcases.ui.BillingAndPayment.CANADA.TC026_Maxchar_contact_CAD"/>
			<class name="com.tr.testcases.ui.BillingAndPayment.CANADA.TC027_Emptyfield_contact_CAD"/>
			<class name="com.tr.testcases.ui.BillingAndPayment.CANADA.TC028_CheckingOverlay_CAD"/>

			<class name="com.tr.testcases.ui.BillingAndPayment.CANADA.TC029_AddManualBank_CAD"/>
			<class name="com.tr.testcases.ui.BillingAndPayment.CANADA.TC030_NewSetUpAutoPayBank_CAD"/>
			<class name="com.tr.testcases.ui.BillingAndPayment.CANADA.TC031_AddManualBankDuplicate_CAD"/>
			<class name="com.tr.testcases.ui.BillingAndPayment.CANADA.TC032_SetUpAutoPayExsitingBank_CAD"/>
			<class name="com.tr.testcases.ui.BillingAndPayment.CANADA.TC033_Add_AutoPayBank_Existing_Acc"/>
			<class name="com.tr.testcases.ui.BillingAndPayment.CANADA.TC034_AddAutoManualBankDuplicate"/>
			<class name="com.tr.testcases.ui.BillingAndPayment.CANADA.TC035_Delete_AutoPayBank_Existing_Acc"/>
			<class name="com.tr.testcases.ui.BillingAndPayment.CANADA.TC037_DeleteManualBank_CAD"/>

			<class name="com.tr.testcases.ui.BillingAndPayment.CANADA.TC036_DeleteAutoPayBank_new_Acc"/>




		</classes>
	</test>

</suite>