<?xml version="1.0" encoding="UTF-8"?>
<!DOCTYPE suite SYSTEM "http://testng.org/testng-1.0.dtd">

<suite name="Automation Suite" parallel="false" thread-count="8" verbose="10">


	<listeners>
		<listener
			class-name="com.tr.commons.extentListeners.ExtentListeners" />
</listeners>

	<test name="Regression Test Suite of Billing And Payment of Solo CANADA">
		<classes>

			<class name="com.tr.testcases.ui.BillingAndPayment.CANADA.PROD.TC001_Login_CAD"/>
			<class name="com.tr.testcases.ui.BillingAndPayment.CANADA.PROD.TC002_AddManualCC_CAD"/>
			<class name="com.tr.testcases.ui.BillingAndPayment.CANADA.PROD.TC003_ValidExpirationDateCC_CAD"/>
			<class name="com.tr.testcases.ui.BillingAndPayment.CANADA.PROD.TC004_EmptyCCValidation_CAD"/>
			<class name="com.tr.testcases.ui.BillingAndPayment.CANADA.PROD.TC009_SetUpAutoPayCC_CAD"/>
			<class name="com.tr.testcases.ui.BillingAndPayment.CANADA.PROD.TC009_SetUpAutoPayExistingCC_CAD"/>
			<class name="com.tr.testcases.ui.BillingAndPayment.CANADA.PROD.TC021_Add5contacts_CAD"/>
			<class name="com.tr.testcases.ui.BillingAndPayment.CANADA.PROD.TC022_Edit_contact_to_a_duplicate_contact_CAD"/>
			<class name="com.tr.testcases.ui.BillingAndPayment.CANADA.PROD.TC023_Edit_contact_CAD"/>
			<class name="com.tr.testcases.ui.BillingAndPayment.CANADA.PROD.TC024_Delete_contact_CAD"/>
			<class name="com.tr.testcases.ui.BillingAndPayment.CANADA.PROD.TC025_Delete_Lastcontact_CAD"/>
			<class name="com.tr.testcases.ui.BillingAndPayment.CANADA.PROD.TC026_Maxchar_contact_CAD"/>
			<class name="com.tr.testcases.ui.BillingAndPayment.CANADA.PROD.TC027_Emptyfield_contact_CAD"/>
			<class name="com.tr.testcases.ui.BillingAndPayment.CANADA.PROD.TC028_CheckingOverlay_CAD"/>
			<class name="com.tr.testcases.ui.BillingAndPayment.CANADA.PROD.TC030_NewSetUpAutoPayBank_CAD"/>
			<class name="com.tr.testcases.ui.BillingAndPayment.CANADA.PROD.TC037_DeleteManualBank_CAD"/>



		</classes>
	</test>

</suite>