<?xml version="1.0" encoding="UTF-8"?>
<!DOCTYPE suite SYSTEM "http://testng.org/testng-1.0.dtd">

<suite name="Automation Suite" parallel="false" thread-count="8" verbose="10">


	<listeners>
		<listener
			class-name="com.tr.commons.extentListeners.ExtentListeners" />
</listeners>

	<test name="Regression Test Suite of Billing And Payment of Solo CANADA Bank Autopay in Progress">
		<classes>

			<class name="com.tr.testcases.ui.BillingAndPayment.CANADA.CARSAutoPayInprogress.TC032_SetUpAutoPayExsitingBank_CAD_AutoPayBankOn"/>
			<class name="com.tr.testcases.ui.BillingAndPayment.CANADA.CARSAutoPayInprogress.TC001_Login_CAD_AutoPayBankOn"/>

			<class name="com.tr.testcases.ui.BillingAndPayment.CANADA.CARSAutoPayInprogress.TC002_AddManualCC_CAD_AutoPayBankOn"/>
			<class name="com.tr.testcases.ui.BillingAndPayment.CANADA.CARSAutoPayInprogress.TC003_ValidExpirationDateCC_CAD_AutoPayBankOn"/>
			<class name="com.tr.testcases.ui.BillingAndPayment.CANADA.CARSAutoPayInprogress.TC004_EmptyCCValidation_CAD_AutoPayBankOn"/>
			<class name="com.tr.testcases.ui.BillingAndPayment.CANADA.CARSAutoPayInprogress.TC005_AddAutopayCCOnAnotherAccount_CAD_AutoPayBankOn"/>
			<class name="com.tr.testcases.ui.BillingAndPayment.CANADA.CARSAutoPayInprogress.TC006_AddSameCC_CAD_AutoPayBankOn"/>
			<class name="com.tr.testcases.ui.BillingAndPayment.CANADA.CARSAutoPayInprogress.TC007_DeleteManualCC_CAD_AutoPayBankOn"/>
			<class name="com.tr.testcases.ui.BillingAndPayment.CANADA.CARSAutoPayInprogress.TC008_UpdateManualCC_CAD_AutoPayBankOn"/>
			<class name="com.tr.testcases.ui.BillingAndPayment.CANADA.CARSAutoPayInprogress.TC009_AddAutopayManualCCDuplicate_CAD_AutoPayBankOn"/>
			<class name="com.tr.testcases.ui.BillingAndPayment.CANADA.CARSAutoPayInprogress.TC032_SetUpAutoPayExsitingBank_CAD_AutoPayBankOn_2"/>
			<class name="com.tr.testcases.ui.BillingAndPayment.CANADA.CARSAutoPayInprogress.TC009_SetUpAutoPayCC_CAD_AutoPayBankOn"/>
			<class name="com.tr.testcases.ui.BillingAndPayment.CANADA.CARSAutoPayInprogress.TC032_SetUpAutoPayExsitingBank_CAD_AutoPayBankOn_3"/>
			<class name="com.tr.testcases.ui.BillingAndPayment.CANADA.CARSAutoPayInprogress.TC009_SetUpAutoPayExistingCC_CAD_AutoPayBankOn"/>
			<class name="com.tr.testcases.ui.BillingAndPayment.CANADA.CARSAutoPayInprogress.TC032_SetUpAutoPayExsitingBank_CAD_AutoPayBankOn_4"/>
			<class name="com.tr.testcases.ui.BillingAndPayment.CANADA.CARSAutoPayInprogress.TC014_UpdateAutoPayCC_CAD_AutoPayBankOn"/>
			<class name="com.tr.testcases.ui.BillingAndPayment.CANADA.CARSAutoPayInprogress.TC032_SetUpAutoPayExsitingBank_CAD_AutoPayBankOn_5"/>
			<class name="com.tr.testcases.ui.BillingAndPayment.CANADA.CARSAutoPayInprogress.TC015_DeleteAutoPayCC_CAD_AutoPayBankOn"/>
			<class name="com.tr.testcases.ui.BillingAndPayment.CANADA.CARSAutoPayInprogress.TC032_SetUpAutoPayExsitingBank_CAD_AutoPayBankOn_6"/>
			<class name="com.tr.testcases.ui.BillingAndPayment.CANADA.CARSAutoPayInprogress.TC016_DeleteAutoPayExistingCC_CAD_AutoPayBankOn"/>
			<class name="com.tr.testcases.ui.BillingAndPayment.CANADA.CARSAutoPayInprogress.TC032_SetUpAutoPayExsitingBank_CAD_AutoPayBankOn_7"/>
			<class name="com.tr.testcases.ui.BillingAndPayment.CANADA.CARSAutoPayInprogress.TC019_TurnOff_AutoPayNewCC_CAD_AutoPayBankOn"/>
			<class name="com.tr.testcases.ui.BillingAndPayment.CANADA.CARSAutoPayInprogress.TC032_SetUpAutoPayExsitingBank_CAD_AutoPayBankOn_8"/>
			<class name="com.tr.testcases.ui.BillingAndPayment.CANADA.CARSAutoPayInprogress.TC020_TurnOff_AutoPayExistingCC_CAD_AutoPayBankOn"/>
			<class name="com.tr.testcases.ui.BillingAndPayment.CANADA.CARSAutoPayInprogress.TC032_SetUpAutoPayExsitingBank_CAD_AutoPayBankOn_9"/>
			<class name="com.tr.testcases.ui.BillingAndPayment.CANADA.CARSAutoPayInprogress.TC021_Add5contacts_CAD_AutoPayBankOn"/>
			<class name="com.tr.testcases.ui.BillingAndPayment.CANADA.CARSAutoPayInprogress.TC022_Edit_contact_to_a_duplicate_contact_CAD_AutoPayBankOn"/>
			<class name="com.tr.testcases.ui.BillingAndPayment.CANADA.CARSAutoPayInprogress.TC023_Edit_contact_CAD_AutoPayBankOn"/>
			<class name="com.tr.testcases.ui.BillingAndPayment.CANADA.CARSAutoPayInprogress.TC024_Delete_contact_CAD_AutoPayBankOn"/>
			<class name="com.tr.testcases.ui.BillingAndPayment.CANADA.CARSAutoPayInprogress.TC025_Delete_Lastcontact_CAD_AutoPayBankOn"/>
			<class name="com.tr.testcases.ui.BillingAndPayment.CANADA.CARSAutoPayInprogress.TC026_Maxchar_contact_CAD_AutoPayBankOn"/>
			<class name="com.tr.testcases.ui.BillingAndPayment.CANADA.CARSAutoPayInprogress.TC027_Emptyfield_contact_CAD_AutoPayBankOn"/>
			<class name="com.tr.testcases.ui.BillingAndPayment.CANADA.CARSAutoPayInprogress.TC028_CheckingOverlay_CAD_AutoPayBankOn"/>
			<class name="com.tr.testcases.ui.BillingAndPayment.CANADA.CARSAutoPayInprogress.TC029_AddManualBank_CAD_AutoPayBankOn"/>
			<class name="com.tr.testcases.ui.BillingAndPayment.CANADA.CARSAutoPayInprogress.TC029_FullPaymentCC_CAD_AutoPayBankOn"/>
			<class name="com.tr.testcases.ui.BillingAndPayment.CANADA.CARSAutoPayInprogress.TC030_NewSetUpAutoPayBank_CAD_AutoPayBankOn"/>
			<class name="com.tr.testcases.ui.BillingAndPayment.CANADA.CARSAutoPayInprogress.TC031_AddManualBankDuplicate_CAD_AutoPayBankOn"/>
			<class name="com.tr.testcases.ui.BillingAndPayment.CANADA.CARSAutoPayInprogress.TC032_SetUpAutoPayExsitingBank_CAD_AutoPayBankOn_10"/>
			<class name="com.tr.testcases.ui.BillingAndPayment.CANADA.CARSAutoPayInprogress.TC033_Add_AutoPayBank_Existing_Acc_AutoPayBankOn"/>
			<class name="com.tr.testcases.ui.BillingAndPayment.CANADA.CARSAutoPayInprogress.TC034_AddAutoManualBankDuplicate_AutoPayBankOn"/>
			<class name="com.tr.testcases.ui.BillingAndPayment.CANADA.CARSAutoPayInprogress.TC035_Delete_AutoPayBank_Existing_Acc_AutoPayBankOn"/>
			<class name="com.tr.testcases.ui.BillingAndPayment.CANADA.CARSAutoPayInprogress.TC032_SetUpAutoPayExsitingBank_CAD_AutoPayBankOn_11"/>
			<class name="com.tr.testcases.ui.BillingAndPayment.CANADA.CARSAutoPayInprogress.TC036_DeleteAutoPayBank_new_Acc_AutoPayBankOn"/>




		</classes>
	</test>

</suite>