<?xml version="1.0" encoding="UTF-8"?>
<!DOCTYPE suite SYSTEM "http://testng.org/testng-1.0.dtd">
<suite name="Automation Suite" parallel="false" thread-count="7" verbose="10">

	<listeners>
		<listener
			class-name="com.tr.commons.extentListeners.ExtentListeners" />
	</listeners>


	<test name="Regression Test Suite of Billing and Payment UnAuth BKRS">
		<classes>
			<class name="com.tr.testcases.ui.BillingAndPayment.UnAuth.BKRS.TC002_EnrollAutoPaywithCCWithAnotherAcc_UnAuth_BKRS"/>
			<class name="com.tr.testcases.ui.BillingAndPayment.UnAuth.BKRS.TC001_EnrollAutoPaywithCC_UnAuth_BKRS"/>
			<class name="com.tr.testcases.ui.BillingAndPayment.UnAuth.BKRS.TC003_PaymentPastDueWithCC_UnAuth_BKRS"/>
			<class name="com.tr.testcases.ui.BillingAndPayment.UnAuth.BKRS.TC004_PaymentTotalDueWithCC_UnAuth_BKRS"/>
			<class name="com.tr.testcases.ui.BillingAndPayment.UnAuth.BKRS.TC005_PaymentInvoiceWithCC_UnAuth_BKRS"/>

		</classes>
	</test>

</suite>