<?xml version="1.0" encoding="UTF-8"?>
<!DOCTYPE suite SYSTEM "http://testng.org/testng-1.0.dtd">
<suite name="Automation Suite" parallel="false" thread-count="7" verbose="10">

	<listeners>
		<listener
			class-name="com.tr.commons.extentListeners.ExtentListeners" />
	</listeners>


	<test name="Regression Test Suite of Billing and Payment UnAuth TA61">
		<classes>

			<class name="com.tr.testcases.ui.BillingAndPayment.UnAuth.TA61.TC001_Login_UnAuth_TA61"/>
			<class name="com.tr.testcases.ui.BillingAndPayment.UnAuth.TA61.TC002_EnrollAutoPaywithBank_UnAuth_TA61"/>
			<class name="com.tr.testcases.ui.BillingAndPayment.UnAuth.TA61.TC003_PaymentPastDueWithBank_UnAuth_TA61"/>
			<class name="com.tr.testcases.ui.BillingAndPayment.UnAuth.TA61.TC04_PaymentInvoiceWithBank_UnAuth_Ta61"/>
			<class name="com.tr.testcases.ui.BillingAndPayment.UnAuth.TA61.TC005_PaymentTotalDueWithBank_UnAuth_TA61"/>

		</classes>
	</test>

</suite>