<?xml version="1.0" encoding="UTF-8"?>
<!DOCTYPE suite SYSTEM "http://testng.org/testng-1.0.dtd">
<suite name="Automation Suite" parallel="false" thread-count="7" verbose="10">

	<listeners>
		<listener
			class-name="com.tr.commons.extentListeners.ExtentListeners" />
	</listeners>


	<test name="Regression Test Suite of Billing and Payment UnAuth CARS">
		<classes>
			<class name="com.tr.testcases.ui.BillingAndPayment.UnAuth.CARS.TC002_EnrollAutoPaywithCCWithAnotherAcc_UnAuth_CARS"/>
			<class name="com.tr.testcases.ui.BillingAndPayment.UnAuth.CARS.TC001_EnrollAutoPaywithCC_UnAuth_CARS"/>
			<class name="com.tr.testcases.ui.BillingAndPayment.UnAuth.CARS.TC006_EnrollAutoPaywithBank_UnAuth_CARS"/>

			<class name="com.tr.testcases.ui.BillingAndPayment.UnAuth.CARS.TC003_PaymentPastDueWithCC_UnAuth_CARS"/>
			<class name="com.tr.testcases.ui.BillingAndPayment.UnAuth.CARS.TC004_PaymentTotalDueWithCC_UnAuth_CARS"/>
			<class name="com.tr.testcases.ui.BillingAndPayment.UnAuth.CARS.TC005_PaymentInvoiceWithCC_UnAuth_CARS"/>
			<class name="com.tr.testcases.ui.BillingAndPayment.UnAuth.CARS.TC007_PaymentTotalDueWithBank_UnAuth_CARS"/>
			<class name="com.tr.testcases.ui.BillingAndPayment.UnAuth.CARS.TC009_PaymentPastDueWithBank_UnAuth_CARS"/>
			<class name="com.tr.testcases.ui.BillingAndPayment.UnAuth.CARS.TC010_PaymentInvoiceWithBank_UnAuth_CARS"/>

		</classes>
	</test>

</suite>