<?xml version="1.0" encoding="UTF-8"?>
<!DOCTYPE suite SYSTEM "http://testng.org/testng-1.0.dtd">
<suite name="Automation Suite" parallel="false" thread-count="7" verbose="10">

	<listeners>
		<listener
			class-name="com.tr.commons.extentListeners.ExtentListeners" />
	</listeners>


	<test name="Regression Test Suite of Billing and Payment UnAuth UKI">
		<classes>
			<class name="com.tr.testcases.ui.BillingAndPayment.UnAuth.UKI.TC002_EnrollAutoPaywithCCWithAnotherAcc_UnAuth_UKI"/>
			<class name="com.tr.testcases.ui.BillingAndPayment.UnAuth.UKI.TC001_EnrollAutoPaywithCC_UnAuth_UKI"/>
			<class name="com.tr.testcases.ui.BillingAndPayment.UnAuth.UKI.TC006_EnrollAutoPaywithBank_UnAuth_UKI"/>

			<class name="com.tr.testcases.ui.BillingAndPayment.UnAuth.UKI.TC003_PaymentPastDueWithCC_UnAuth_UKI"/>
			<class name="com.tr.testcases.ui.BillingAndPayment.UnAuth.UKI.TC004_PaymentTotalDueWithCC_UnAuth_UKI"/>
			<class name="com.tr.testcases.ui.BillingAndPayment.UnAuth.UKI.TC005_PaymentInvoiceWithCC_UnAuth_UKI"/>
			<class name="com.tr.testcases.ui.BillingAndPayment.UnAuth.UKI.TC007_PaymentTotalDueWithBank_UnAuth_UKI"/>
			<class name="com.tr.testcases.ui.BillingAndPayment.UnAuth.UKI.TC009_PaymentPastDueWithBank_UnAuth_UKI"/>
			<class name="com.tr.testcases.ui.BillingAndPayment.UnAuth.UKI.TC010_PaymentInvoiceWithBank_UnAuth_UKI"/>

		</classes>
	</test>

</suite>