<?xml version="1.0" encoding="UTF-8"?>
<!DOCTYPE suite SYSTEM "http://testng.org/testng-1.0.dtd">
<suite name="Automation Suite" parallel="false" thread-count="7" verbose="10">

	<listeners>
		<listener
			class-name="com.tr.commons.extentListeners.ExtentListeners" />
	</listeners>


	<test name="Regression Test Suite of Billing and Payment UnAuth USL">
		<classes>
			<class name="com.tr.testcases.ui.BillingAndPayment.UnAuth.USL.TC011_LinksValidation_UnAuth_USL"/>
			<class name="com.tr.testcases.ui.BillingAndPayment.UnAuth.USL.TC001_Login_UnAuth_USL"/>
			<class name="com.tr.testcases.ui.BillingAndPayment.UnAuth.USL.TC004_EnrollAutoPaywithCCWithAnotherAcc_UnAuth_USL"/>
			<class name="com.tr.testcases.ui.BillingAndPayment.UnAuth.USL.TC002_EnrollAutoPaywithBank_UnAuth_USL"/>
			<class name="com.tr.testcases.ui.BillingAndPayment.UnAuth.USL.TC003_EnrollAutoPaywithCC_UnAuth_USL"/>
			<class name="com.tr.testcases.ui.BillingAndPayment.UnAuth.USL.TC005_PaymentPastDueWithBank_UnAuth_USL"/>
			<class name="com.tr.testcases.ui.BillingAndPayment.UnAuth.USL.TC006_PaymentPastDueWithCC_UnAuth_USL"/>
			<class name="com.tr.testcases.ui.BillingAndPayment.UnAuth.USL.TC007_PaymentTotalDueWithBank_UnAuth_USL"/>
			<class name="com.tr.testcases.ui.BillingAndPayment.UnAuth.USL.TC008_PaymentTotalDueWithCC_UnAuth_USL"/>
			<class name="com.tr.testcases.ui.BillingAndPayment.UnAuth.USL.TC009_PaymentInvoiceWithCC_UnAuth_USL"/>
			<class name="com.tr.testcases.ui.BillingAndPayment.UnAuth.USL.TC010_PaymentInvoiceWithBank_UnAuth_USL"/>

		</classes>
	</test>

</suite>