<?xml version="1.0" encoding="UTF-8"?>
<!DOCTYPE suite SYSTEM "http://testng.org/testng-1.0.dtd">
<suite name="Automation Suite" parallel="false" thread-count="7" verbose="10">

	<listeners>
		<listener
			class-name="com.tr.commons.extentListeners.ExtentListeners" />
	</listeners>


	<test name="Regression Test Suite of Profile And Support CANADA">
		<classes>

			<class name="com.tr.testcases.ui.ProfileAndSupport.CANADA.TC001_Login_canada"/>
			<class name="com.tr.testcases.ui.ProfileAndSupport.CANADA.TC002_Login_canada"/>
			<class name="com.tr.testcases.ui.ProfileAndSupport.CANADA.TC003_Login_canada"/>
			<class name="com.tr.testcases.ui.ProfileAndSupport.CANADA.DisputeCase_01_canada"/>
			<class name="com.tr.testcases.ui.ProfileAndSupport.CANADA.DisputeCase_02_canada"/>
			<class name="com.tr.testcases.ui.ProfileAndSupport.CANADA.NonproductCase_01_canada"/>
			<class name="com.tr.testcases.ui.ProfileAndSupport.CANADA.NonproductCase_02_canada"/>
			<class name="com.tr.testcases.ui.ProfileAndSupport.CANADA.NonproductCase_03_canada"/>
			<class name="com.tr.testcases.ui.ProfileAndSupport.CANADA.NonproductCase_04_canada"/>
			<class name="com.tr.testcases.ui.ProfileAndSupport.CANADA.ProductCase_01_canada"/>
			<class name="com.tr.testcases.ui.ProfileAndSupport.CANADA.ProductCase_02_canada"/>
			<class name="com.tr.testcases.ui.ProfileAndSupport.CANADA.ProductCase_03_canada"/>
			<class name="com.tr.testcases.ui.ProfileAndSupport.CANADA.ProductCase_04_canada"/>
			<class name="com.tr.testcases.ui.ProfileAndSupport.CANADA.Profile_Update_canada"/>
			<class name="com.tr.testcases.ui.ProfileAndSupport.CANADA.TC015_LanguageSelector_canada"/>
			<class name="com.tr.testcases.ui.ProfileAndSupport.CANADA.TC017_ExistingSelfRegistration_01_canada"/>
			<class name="com.tr.testcases.ui.ProfileAndSupport.CANADA.TC017_ExistingSelfRegistration_02_canada"/>
			<class name="com.tr.testcases.ui.ProfileAndSupport.CANADA.TC017_ExistingSelfRegistration_03_canada"/>
			<class name="com.tr.testcases.ui.ProfileAndSupport.CANADA.NewSelfRegistration_01_canada"/>
			<class name="com.tr.testcases.ui.ProfileAndSupport.CANADA.NewSelfRegistration_02_canada"/>
			<class name="com.tr.testcases.ui.ProfileAndSupport.CANADA.NewSelfRegistration_03_canada"/>
			<class name="com.tr.testcases.ui.ProfileAndSupport.CANADA.NewUser_TermsAndConditions"/>
			<class name="com.tr.testcases.ui.ProfileAndSupport.CANADA.Profile_Logout_canada"/>
			<class name="com.tr.testcases.ui.ProfileAndSupport.CANADA.NonproductCase_05_canada"/>
			<class name="com.tr.testcases.ui.ProfileAndSupport.CANADA.NonproductCase_06_canada"/>
			<class name="com.tr.testcases.ui.ProfileAndSupport.CANADA.DisputeCase_01_Close_canada"/>
			<class name="com.tr.testcases.ui.ProfileAndSupport.CANADA.DisputeCase_02_Close_canada"/>
			<class name="com.tr.testcases.ui.ProfileAndSupport.CANADA.ProductCase_05_canada"/>
			<class name="com.tr.testcases.ui.ProfileAndSupport.CANADA.ProductCase_06_canada"/>


			<class name="com.tr.testcases.ui.ProfileAndSupport.CANADA.MLA.TC001_Login_MLA_canada"/>
			<class name="com.tr.testcases.ui.ProfileAndSupport.CANADA.MLA.NonproductCase_01_MLA_canada"/>
			<class name="com.tr.testcases.ui.ProfileAndSupport.CANADA.MLA.NonproductCase_02_MLA_canada"/>
			<class name="com.tr.testcases.ui.ProfileAndSupport.CANADA.MLA.NonproductCase_03_MLA_canada"/>
			<class name="com.tr.testcases.ui.ProfileAndSupport.CANADA.MLA.NonproductCase_04_MLA_canada"/>
			<class name="com.tr.testcases.ui.ProfileAndSupport.CANADA.MLA.DisputeCase_01_canada_MLA"/>
			<class name="com.tr.testcases.ui.ProfileAndSupport.CANADA.MLA.DisputeCase_02_canada_MLA"/>
			<class name="com.tr.testcases.ui.ProfileAndSupport.CANADA.MLA.ProductCase_01_canada_MLA"/>
			<class name="com.tr.testcases.ui.ProfileAndSupport.CANADA.MLA.ProductCase_02_canada_MLA"/>
			<class name="com.tr.testcases.ui.ProfileAndSupport.CANADA.MLA.ProductCase_03_canada_MLA"/>
			<class name="com.tr.testcases.ui.ProfileAndSupport.CANADA.MLA.ProductCase_04_canada_MLA"/>
			<class name="com.tr.testcases.ui.ProfileAndSupport.CANADA.MLA.Profile_Update_MLA_canada"/>
			<class name="com.tr.testcases.ui.ProfileAndSupport.CANADA.MLA.Profile_Logout_canada_MLA"/>
			<class name="com.tr.testcases.ui.ProfileAndSupport.CANADA.MLA.NonproductCase_05_canada_MLA"/>
			<class name="com.tr.testcases.ui.ProfileAndSupport.CANADA.MLA.NonproductCase_06_canada_MLA"/>
			<class name="com.tr.testcases.ui.ProfileAndSupport.CANADA.MLA.ProductCase_05_canada_MLA"/>
			<class name="com.tr.testcases.ui.ProfileAndSupport.CANADA.MLA.ProductCase_06_canada_MLA"/>
			<class name="com.tr.testcases.ui.ProfileAndSupport.CANADA.MLA.DisputeCase_01_Close_canada_MLA"/>
			<class name="com.tr.testcases.ui.ProfileAndSupport.CANADA.MLA.DisputeCase_02_Close_canada_MLA"/>
		</classes>
	</test>

</suite>