<?xml version="1.0" encoding="UTF-8"?>
<!DOCTYPE suite SYSTEM "http://testng.org/testng-1.0.dtd">
<suite name="Automation Suite" parallel="false" thread-count="7" verbose="10">

	<listeners>
		<listener
			class-name="com.tr.commons.extentListeners.ExtentListeners" />
	</listeners>


	<test name="Regression Test Suite of Profile And Support USL">
		<classes>

			<class name="com.tr.testcases.ui.ProfileAndSupport.USL.TC001_Login_USL"/>
			<class name="com.tr.testcases.ui.ProfileAndSupport.USL.TC002_Login_USL"/>
			<class name="com.tr.testcases.ui.ProfileAndSupport.USL.TC003_Login_USL"/>
			<class name="com.tr.testcases.ui.ProfileAndSupport.USL.DisputeCase_01_USL"/>
			<class name="com.tr.testcases.ui.ProfileAndSupport.USL.DisputeCase_02_USL"/>
			<class name="com.tr.testcases.ui.ProfileAndSupport.USL.NonproductCase_01_USL"/>
			<class name="com.tr.testcases.ui.ProfileAndSupport.USL.NonproductCase_02_USL"/>
			<class name="com.tr.testcases.ui.ProfileAndSupport.USL.NonproductCase_03_USL"/>
			<class name="com.tr.testcases.ui.ProfileAndSupport.USL.NonproductCase_04_USL"/>
			<class name="com.tr.testcases.ui.ProfileAndSupport.USL.ProductCase_01_USL"/>
			<class name="com.tr.testcases.ui.ProfileAndSupport.USL.ProductCase_02_USL"/>
			<class name="com.tr.testcases.ui.ProfileAndSupport.USL.ProductCase_03_USL"/>
			<class name="com.tr.testcases.ui.ProfileAndSupport.USL.ProductCase_04_USL"/>
			<class name="com.tr.testcases.ui.ProfileAndSupport.USL.Profile_Update_USL"/>
			<class name="com.tr.testcases.ui.ProfileAndSupport.USL.NonproductCase_05_USL"/>
			<class name="com.tr.testcases.ui.ProfileAndSupport.USL.NonproductCase_06_USL"/>
			<class name="com.tr.testcases.ui.ProfileAndSupport.USL.DisputeCase_01_Close_USL"/>
			<class name="com.tr.testcases.ui.ProfileAndSupport.USL.DisputeCase_02_Close_USL"/>
			<class name="com.tr.testcases.ui.ProfileAndSupport.USL.ProductCase_05_USL"/>
			<class name="com.tr.testcases.ui.ProfileAndSupport.USL.ProductCase_06_USL"/>
			<class name="com.tr.testcases.ui.ProfileAndSupport.USL.TC015_LanguageSelector_USL"/>
			<class name="com.tr.testcases.ui.ProfileAndSupport.USL.TC017_ExistingSelfRegistration_01_USL"/>
			<class name="com.tr.testcases.ui.ProfileAndSupport.USL.TC017_ExistingSelfRegistration_02_USL"/>
			<class name="com.tr.testcases.ui.ProfileAndSupport.USL.TC017_ExistingSelfRegistration_03_USL"/>
			<class name="com.tr.testcases.ui.ProfileAndSupport.USL.NewSelfRegistration_01_USL"/>
			<class name="com.tr.testcases.ui.ProfileAndSupport.USL.NewSelfRegistration_02_USL"/>
			<class name="com.tr.testcases.ui.ProfileAndSupport.USL.NewSelfRegistration_03_USL"/>
			<class name="com.tr.testcases.ui.ProfileAndSupport.USL.NewUser_TermsAndConditions"/>
			<class name="com.tr.testcases.ui.ProfileAndSupport.USL.Profile_Logout_USL"/>


			<class name="com.tr.testcases.ui.ProfileAndSupport.USL.MLA.TC001_Login_USL_MLA"/>
			<class name="com.tr.testcases.ui.ProfileAndSupport.USL.MLA.NonproductCase_01_USL_MLA"/>
			<class name="com.tr.testcases.ui.ProfileAndSupport.USL.MLA.NonproductCase_02_USL_MLA"/>
			<class name="com.tr.testcases.ui.ProfileAndSupport.USL.MLA.NonproductCase_03_USL_MLA"/>
			<class name="com.tr.testcases.ui.ProfileAndSupport.USL.MLA.NonproductCase_04_USL_MLA"/>
			<class name="com.tr.testcases.ui.ProfileAndSupport.USL.MLA.Profile_Update_USL_MLA"/>
			<class name="com.tr.testcases.ui.ProfileAndSupport.USL.MLA.DisputeCase_01_USL_MLA"/>
			<class name="com.tr.testcases.ui.ProfileAndSupport.USL.MLA.DisputeCase_02_USL_MLA"/>
			<class name="com.tr.testcases.ui.ProfileAndSupport.USL.MLA.ProductCase_01_USL_MLA"/>
			<class name="com.tr.testcases.ui.ProfileAndSupport.USL.MLA.ProductCase_02_USL_MLA"/>
			<class name="com.tr.testcases.ui.ProfileAndSupport.USL.MLA.ProductCase_03_USL_MLA"/>
			<class name="com.tr.testcases.ui.ProfileAndSupport.USL.MLA.ProductCase_04_USL_MLA"/>
			<class name="com.tr.testcases.ui.ProfileAndSupport.USL.MLA.DisputeCase_01_Close_USL_MLA"/>
			<class name="com.tr.testcases.ui.ProfileAndSupport.USL.MLA.DisputeCase_02_Close_USL_MLA"/>
			<class name="com.tr.testcases.ui.ProfileAndSupport.USL.MLA.NonproductCase_05_USL_MLA"/>
			<class name="com.tr.testcases.ui.ProfileAndSupport.USL.MLA.NonproductCase_06_USL_MLA"/>
			<class name="com.tr.testcases.ui.ProfileAndSupport.USL.MLA.ProductCase_05_USL_MLA"/>
			<class name="com.tr.testcases.ui.ProfileAndSupport.USL.MLA.ProductCase_06_USL_MLA"/>
			<class name="com.tr.testcases.ui.ProfileAndSupport.USL.MLA.Profile_Logout_USL_MLA"/>
			
		</classes>
	</test>

</suite>