<?xml version="1.0" encoding="UTF-8"?>
<!DOCTYPE suite SYSTEM "http://testng.org/testng-1.0.dtd">
<suite name="Automation Suite" parallel="false" thread-count="7" verbose="10">

	<listeners>
		<listener
			class-name="com.tr.commons.extentListeners.ExtentListeners" />
	</listeners>


	<test name="Regression Test Suite of Profile And Support UKI">
		<classes>

			<class name="com.tr.testcases.ui.ProfileAndSupport.UKI.TC001_Login_UKI"/>
			<class name="com.tr.testcases.ui.ProfileAndSupport.UKI.TC002_Login_UKI"/>
			<class name="com.tr.testcases.ui.ProfileAndSupport.UKI.TC003_Login_UKI"/>
			<class name="com.tr.testcases.ui.ProfileAndSupport.UKI.NonproductCase_01_UKI"/>
			<class name="com.tr.testcases.ui.ProfileAndSupport.UKI.NonproductCase_02_UKI"/>
			<class name="com.tr.testcases.ui.ProfileAndSupport.UKI.NonproductCase_03_UKI"/>
			<class name="com.tr.testcases.ui.ProfileAndSupport.UKI.NonproductCase_04_UKI"/>
			<class name="com.tr.testcases.ui.ProfileAndSupport.UKI.Profile_Update_UKI"/>
			<class name="com.tr.testcases.ui.ProfileAndSupport.UKI.ProductCase_01_UKI"/>
			<class name="com.tr.testcases.ui.ProfileAndSupport.UKI.ProductCase_02_UKI"/>
			<class name="com.tr.testcases.ui.ProfileAndSupport.UKI.ProductCase_03_UKI"/>
			<class name="com.tr.testcases.ui.ProfileAndSupport.UKI.ProductCase_04_UKI"/>
			<class name="com.tr.testcases.ui.ProfileAndSupport.UKI.NonproductCase_05_UKI"/>
			<class name="com.tr.testcases.ui.ProfileAndSupport.UKI.NonproductCase_06_UKI"/>
			<class name="com.tr.testcases.ui.ProfileAndSupport.UKI.ProductCase_05_UKI"/>
			<class name="com.tr.testcases.ui.ProfileAndSupport.UKI.ProductCase_06_UKI"/>
			<class name="com.tr.testcases.ui.ProfileAndSupport.UKI.TC015_LanguageSelector_UKI"/>
			<class name="com.tr.testcases.ui.ProfileAndSupport.UKI.TC017_ExistingSelfRegistration_01_UKI"/>
			<class name="com.tr.testcases.ui.ProfileAndSupport.UKI.TC017_ExistingSelfRegistration_02_UKI"/>
			<class name="com.tr.testcases.ui.ProfileAndSupport.UKI.TC017_ExistingSelfRegistration_03_UKI"/>
			<class name="com.tr.testcases.ui.ProfileAndSupport.UKI.NewSelfRegistration_01_UKI"/>
			<class name="com.tr.testcases.ui.ProfileAndSupport.UKI.NewSelfRegistration_02_UKI"/>
			<class name="com.tr.testcases.ui.ProfileAndSupport.UKI.NewSelfRegistration_03_UKI"/>
			<class name="com.tr.testcases.ui.ProfileAndSupport.UKI.NewUser_TermsAndConditions_UKI"/>
			<class name="com.tr.testcases.ui.ProfileAndSupport.UKI.Profile_Logout_UKI"/>
			
			<class name="com.tr.testcases.ui.ProfileAndSupport.UKI.MLA.TC001_Login_UKI_MLA"/>
			<class name="com.tr.testcases.ui.ProfileAndSupport.UKI.MLA.NonproductCase_01_UKI_MLA"/>
			<class name="com.tr.testcases.ui.ProfileAndSupport.UKI.MLA.NonproductCase_02_UKI_MLA"/>
			<class name="com.tr.testcases.ui.ProfileAndSupport.UKI.MLA.NonproductCase_03_UKI_MLA"/>
			<class name="com.tr.testcases.ui.ProfileAndSupport.UKI.MLA.NonproductCase_04_UKI_MLA"/>
			<class name="com.tr.testcases.ui.ProfileAndSupport.UKI.MLA.Profile_Update_UKI_MLA"/>
			<class name="com.tr.testcases.ui.ProfileAndSupport.UKI.MLA.ProductCase_01_UKI_MLA"/>
			<class name="com.tr.testcases.ui.ProfileAndSupport.UKI.MLA.ProductCase_02_UKI_MLA"/>
			<class name="com.tr.testcases.ui.ProfileAndSupport.UKI.MLA.ProductCase_03_UKI_MLA"/>
			<class name="com.tr.testcases.ui.ProfileAndSupport.UKI.MLA.ProductCase_04_UKI_MLA"/>
			<class name="com.tr.testcases.ui.ProfileAndSupport.UKI.MLA.NonproductCase_05_UKI_MLA"/>
			<class name="com.tr.testcases.ui.ProfileAndSupport.UKI.MLA.NonproductCase_06_UKI_MLA"/>
			<class name="com.tr.testcases.ui.ProfileAndSupport.UKI.MLA.ProductCase_05_UKI_MLA"/>
			<class name="com.tr.testcases.ui.ProfileAndSupport.UKI.MLA.ProductCase_06_UKI_MLA"/>
			<class name="com.tr.testcases.ui.ProfileAndSupport.UKI.MLA.Profile_Logout_UKI_MLA"/>
		</classes>
	</test>

</suite>